insert into customer values('a','seoul','jia','01012341234',null);
insert into customer values('b','us','joe','01098461532', 4567);
insert into customer values('c','canada','kai','01098725412',7979);
insert into customer values('d','incheon','jmew','01098456218',null);
insert into customer values('e','sogang','hgq','01084158612',null);
insert into customer values('f','gangwon','ngs','01041891205',null);
insert into customer values('g','incheon','gqrs','01079794613',4820);

insert into seller values('a','gamza','seoul','samsung');
insert into seller values('aa','goguma','us','lg');
insert into seller values('aaa','eko','japan','xiaomi');
insert into seller values('aaaa','solo','seoul',null);
insert into seller values('b','lisin','seoul','samsung');
insert into seller values('bb','kogmo','inchoen','logitech');
insert into seller values('bbb','kogmo','seoul',null);

insert into info_goods values('monitor',10.2,5);
insert into info_goods values('mouse',1.0,1);
insert into info_goods values('cell phone',1.2,5);
insert into info_goods values('chicken',1.0,2);
insert into info_goods values('glass',0.1,7);
insert into info_goods values('water',20.0,20);
insert into info_goods values('calender',0.7,0);
insert into info_goods values('book',5.0,0);
insert into info_goods values('pencil',0.1,0);
insert into info_goods values('light',0.5,7);

insert into goods values('monitor','a','2020-06-03',100000);
insert into goods values('mouse','aa','2020-05-09',10000);
insert into goods values('chicken','aaa','2020-01-01',20000);
insert into goods values('glass','aaaa','2020-05-07',12345);
insert into goods values('cell phone','a','2020-02-22',1000000);
insert into goods values('water','bb','2010-07-07',50000);
insert into goods values('light','bbb','2010-02-12',20000);
insert into goods values('monitor','b','2020-05-03',200000);
insert into goods values('pencil','bb','2010-01-30',20);
insert into goods values('chicken','a','1990-01-01',5000);

insert into service_buy values(3,'hwasung',5000,'safely');
insert into service_buy values(2,'hwasung',3500,'normal');
insert into service_buy values(1,'hwasung',1500,'roughly');
insert into service_buy values(3,'jeju',10000,'safely');
insert into service_buy values(2,'jeju',5000,'normal');
insert into service_buy values(1,'jeju',4000,'roughly');
insert into service_buy values(3,'us',20000,'safely');
insert into service_buy values(2,'us',10000,'normal');
insert into service_buy values(3,'seoul',3000,'safely');
insert into service_buy values(2,'seoul',1500,'normal');

insert into buy values('a','2023-06-05 06:00:01','monitor','a',2,'advance pay',3,'hwasung','01012341234');
insert into buy values('a','2023-06-06 06:02:01','mouse','aa',1,'deferred pay',2,'seoul','01015971597');
insert into buy values('a','2023-06-07 06:03:01','water','bb',1,'regular pay',2,'hwasung','01012341234');
insert into buy values('a','2023-06-08 06:04:01','chicken','a',1,'advance pay',3,'jeju','01077777777');
insert into buy values('b','2022-05-07 07:01:01','pencil','bb',30,'deferred pay',3,'us','01098791234');
insert into buy values('b','2022-04-03 08:02:01','light','bbb',10,'advance pay',2,'us','01098791234');
insert into buy values('c','2022-03-03 08:03:01','cell phone','a',1,'deferred pay',3,'jeju','01098725412');
insert into buy values('d','2023-04-05 10:00:01','chicken','aaa',1,'regular pay',3,'seoul','01078941234');
insert into buy values('d','2023-03-03 06:07:01','glass','aaaa',1,'advance pay',3,'seoul','01078971543');
insert into buy values('e','2023-06-07 06:17:01','monitor','b',2,'deferred pay',1,'jeju','01098783210');
insert into buy values('g','2023-06-09 06:18:01','monitor','b',1,'advance pay',2,'jeju','01098183210');
insert into buy values('d','2023-06-10  06:20:01','pencil','bb',1,'advance pay',3,'us','01072048902');

insert into ready_deliver values(123456789,'2023-06-06 20:00:00','a','a','monitor',3,'hwasung','2023-06-05 06:00:01');
insert into ready_deliver values(234567890,'2023-06-12 19:00:00','a','aa','mouse',2,'seoul','2023-06-06 06:02:01');
insert into ready_deliver values(345678901,'2023-06-12 21:00:00','a','bb','water',2,'hwasung','2023-06-07 06:03:01');
insert into ready_deliver values(456789012,'2023-06-09 15:00:00','a','a','chicken',3,'jeju','2023-06-08 06:04:01');
insert into ready_deliver values(567890123,'2022-05-10 16:00:00','b','bb','pencil',3,'us','2022-05-07 07:01:01');
insert into ready_deliver values(678901234,'2022-04-10 17:00:00','b','bbb','light',2,'us','2022-04-03 08:02:01');
insert into ready_deliver values(789012345,'2022-03-04 17:00:00','c','a','cell phone',3,'jeju','2022-03-03 08:03:01');
insert into ready_deliver values(890123456,'2023-04-06 11:00:00','d','aaa','chicken',3,'seoul','2023-04-05 10:00:01');
insert into ready_deliver values(901234567,'2023-03-04 20:00:00','d','aaaa','glass',3,'seoul','2023-03-03 06:07:01');
insert into ready_deliver values(111111111,'2023-06-19 21:00:00','e','b','monitor',1,'jeju','2023-06-07 06:17:01');

insert into driver values('jeju_quick','01057892123','5789','iow',5,'jeju');
insert into driver values('jeju_slow','01045671030','1597','jang',3,'busan');
insert into driver values('us_fast','01004891023','01687','james',3,'us');
insert into driver values('us_slow','01065753210','01234','kaos',6,'us');
insert into driver values('seoul_fast','0101234597','0483','king',11,'seoul');
insert into driver values('seoul_slow','01050123748','1832','minsu',10,'seoul');
insert into driver values('hwasung_fast','0100156731','1567','sung',4,'incheon');
insert into driver values('hwasung_slow','01001234759','7890','wuck',4,'hwasung');
insert into driver values('hubman1','01065723104','7804','hard',7,'okcheon');
insert into driver values('hubman2','01045670123','0480','hard',8,'gimpo');
insert into driver values('hubman3','01077777777','0159','hahahaha',5,'daejun');

insert into deliver_assgn values(123456789,'monitor','2023-06-05 07:05:00','hubman2','gimpo hub');
insert into deliver_assgn values(123456789,'monitor','2023-06-06 02:00:00','hwasung_fast','hwasung balan');
insert into deliver_assgn values(234567890,'mouse','2023-06-08 07:00:00','hubman1','okcheon hub');
insert into deliver_assgn values(234567890,'mouse','2023-06-10 04:00:00','hubman2','gimpo hub');
insert into deliver_assgn values(234567890,'mouse','2023-06-12 06:00:00','seoul_slow','seoul sudaemun');
insert into deliver_assgn values(345678901,'water','2023-06-08 10:00:00','hubman3','daejun hub');
insert into deliver_assgn values(345678901,'water','2023-06-10 04:00:00','hubman2','gimpo hub');
insert into deliver_assgn values(345678901,'water','2023-06-13 06:00:00','hwasung_slow','hwasung dongtan');
insert into deliver_assgn values(456789012,'chicken','2023-06-08 20:00:00','jeju_quick','jeju hanlasan');
insert into deliver_assgn values(567890123,'pencil','2022-05-07 11:30:00','us_fast','us la');
insert into deliver_assgn values(678901234,'light','2022-04-03 19:30:00','hubman2','gimpo hub');
insert into deliver_assgn values(678901234,'light','2022-04-04 14:30:00','us_slow','us newyork');
insert into deliver_assgn values(789012345,'cell phone','2022-03-03 19:00:00','jeju_quick','jeju hanlabong');
insert into deliver_assgn values(890123456,'chicken','2023-04-06 07:00:00','seoul_fast','seuol sogang');
insert into deliver_assgn values(901234567,'glass','2023-03-03 10:00:00','hubman1','okcheon hub');
insert into deliver_assgn values(901234567,'glass','2023-03-05 01:30:00','seoul_fast','seuol sogang');
insert into deliver_assgn values(111111111,'monitor','2023-06-09 15:00:00','hubman1','okcheon hub');
insert into deliver_assgn values(111111111,'monitor','2023-06-10 10:00:00','hubman2','gimpo hub');

insert into hub values(123456789,'monitor','bill-gates','2023-06-05 20:12:12','hubman2','gimpo hub');
insert into hub values(234567890,'mouse','illon-musk','2023-06-08 13:13:13','hubman1','okcheon hub');
insert into hub values(234567890,'mouse','bill-gates','2023-06-11 01:30:00','hubman2','gimpo hub');
insert into hub values(345678901,'water','gandi','2023-06-09 01:30:00','hubman3','daejun hub');
insert into hub values(345678901,'water','bill-gates','2023-06-11 03:20:00','hubman2','gimpo hub');
insert into hub values(678901234,'light','bill-gates','2022-04-03 23:30:00','hubman2','gimpo hub');
insert into hub values(901234567,'glass','illon-musk','2023-03-03 17:00:00','hubman1','okcheon hub');
insert into hub values(111111111,'monitor','illon-musk','2023-06-09 22:20:00','hubman1','okcheon hub');
insert into hub values(111111111,'monitor','bill-gates','2023-06-10 20:00:00','hubman2','gimpo hub');

insert into deliver_hub values(123456789,'monitor','hwasung_fast','gimpo hub');
insert into deliver_hub values(234567890,'mouse','hubman2','okcheon hub');
insert into deliver_hub values(234567890,'mouse','seoul_slow','gimpo hub');
insert into deliver_hub values(345678901,'water','hubman2','daejun hub');
insert into deliver_hub values(345678901,'water','hwasung_slow','gimpo hub');
insert into deliver_hub values(678901234,'light','us_slow','gimpo hub');
insert into deliver_hub values(901234567,'glass','seoul_fast','okcheon hub');
insert into deliver_hub values(111111111,'monitor','hubman2','okcheon hub');

insert into receiver values('2023-06-06 12:27:00','peter','123456789','hwasung_fast','monitor','hwasung balan');
insert into receiver values('2023-06-12 16:34:00','park','234567890','seoul_slow','mouse','seoul sudaemun');
insert into receiver values('2023-06-14 07:12:00','robert','345678901','hwasung_slow','water','hwasung dongtan');
insert into receiver values('2023-06-09 16:13:00','dauni','456789012','jeju_quick','chicken','jeju hanlasan');
insert into receiver values('2022-05-09 22:49:00','junier','567890123','us_fast','pencil','us la');
insert into receiver values('2022-04-10 16:30:00','chilly','678901234','us_slow','light','us newyork');
insert into receiver values('2022-03-05 09:07:00','queen','789012345','jeju_quick','cell phone','jeju hanlabong');
insert into receiver values('2023-04-06 10:30:00','aliana','890123456','seoul_fast','chicken','seuol sogang');
insert into receiver values('2023-03-05 09:27:00','grande','901234567','seoul_fast','glass','seuol sogang');
